First Name,Last Name,Email Address,Company Name,Job Title,Lifecycle Stage
Sarah,Mitchell,sarah.mitchell@acmetech.io,Acme Technologies,VP of Engineering,lead
James,Rodriguez,james.rodriguez@brightpath.co,BrightPath Solutions,Head of Product,lead
Emily,Chen,emily.chen@novacloud.com,NovaCloud Inc,CTO,lead
Michael,Okonkwo,michael.okonkwo@datapulse.ai,DataPulse AI,Director of Engineering,subscriber
Priya,Sharma,priya.sharma@stackforge.dev,StackForge,Engineering Manager,lead
Daniel,Kim,daniel.kim@cloudnine.io,CloudNine Systems,VP of Technology,opportunity
Rachel,Foster,rachel.foster@greenleaf.tech,GreenLeaf Tech,Head of Engineering,lead
Marcus,Thompson,marcus.thompson@orbitalapi.com,Orbital API,Co-Founder & CTO,subscriber
Aisha,Bello,aisha.bello@finscale.co,FinScale,Director of Product,lead
Thomas,Weber,thomas.weber@quantumleap.de,QuantumLeap GmbH,VP Engineering,lead
Jessica,Park,jessica.park@swiftdeploy.io,SwiftDeploy,Head of Platform,lead
David,Okafor,david.okafor@nexagen.com,NexaGen Labs,CTO,opportunity
Lauren,Martinez,lauren.martinez@codebridge.ai,CodeBridge AI,Engineering Director,lead
Chris,Nakamura,chris.nakamura@hyperscale.dev,HyperScale,VP of Product Engineering,subscriber
Olivia,Anderson,olivia.anderson@blueshift.co,BlueShift Analytics,Head of Data Engineering,lead
Kevin,Patel,kevin.patel@syncwave.io,SyncWave,Director of Infrastructure,lead
Natasha,Volkov,natasha.volkov@cybervault.com,CyberVault Security,VP of Engineering,lead
Ryan,O'Brien,ryan.obrien@launchpad.tech,LaunchPad Technologies,CTO,opportunity
Sofia,Gutierrez,sofia.gutierrez@pixelcraft.ai,PixelCraft AI,Head of ML Engineering,lead
Brandon,Lee,brandon.lee@terraflow.io,TerraFlow,Engineering Manager,subscriber
Hannah,Williams,hannah.williams@apexcloud.co,ApexCloud,Director of Engineering,lead
Andre,Dupont,andre.dupont@devstream.fr,DevStream,VP of Product,lead
Mei,Zhang,mei.zhang@neuralnest.ai,NeuralNest AI,Co-Founder & CTO,lead
Patrick,Sullivan,patrick.sullivan@rapidops.com,RapidOps,Head of DevOps,subscriber
Victoria,Santos,victoria.santos@paybridge.co,PayBridge,Director of Technology,opportunity
Alex,Petrov,alex.petrov@vortexlabs.io,Vortex Labs,VP of Engineering,lead
Chioma,Eze,chioma.eze@gridpowered.com,GridPowered,CTO,lead
Lucas,Fernandez,lucas.fernandez@agilenode.co,AgileNode,Head of Backend Engineering,subscriber
Nina,Johansson,nina.johansson@arcticdata.se,ArcticData AB,Director of Platform,lead
Omar,Hassan,omar.hassan@crestline.ai,CrestLine AI,Engineering Manager,lead
Yuki,Tanaka,yuki.tanaka@zenithops.jp,ZenithOps,VP of Infrastructure,opportunity
Rebecca,Morgan,rebecca.morgan@peakflow.io,PeakFlow Systems,Head of Engineering,lead
Dmitri,Sokolov,dmitri.sokolov@cipherstack.dev,CipherStack,Co-Founder & CTO,subscriber
Fatima,Al-Rashid,fatima.alrashid@oasistech.ae,OasisTech,Director of Engineering,lead
Liam,Byrne,liam.byrne@stratuscore.com,StratusCore,VP of Product Engineering,lead
Ananya,Reddy,ananya.reddy@insightgrid.in,InsightGrid,Head of Data Platform,lead
Carlos,Mendez,carlos.mendez@forgepoint.co,ForgePoint,Engineering Director,opportunity
Elin,Bergström,elin.bergstrom@lightwave.se,Lightwave Systems,CTO,lead
Jackson,Reed,jackson.reed@basecamp.cloud,Basecamp Cloud,Director of DevOps,subscriber
Sana,Mirza,sana.mirza@loopstack.io,LoopStack,VP of Engineering,lead
Tobias,Keller,tobias.keller@ironpeak.de,IronPeak GmbH,Head of Platform,lead
Grace,Obi,grace.obi@vertexai.ng,VertexAI,Co-Founder & CTO,lead
Ravi,Kapoor,ravi.kapoor@pulsenet.in,PulseNet,Director of Infrastructure,opportunity
Megan,Clark,megan.clark@clearpath.tech,ClearPath Technologies,VP of Technology,lead
Hugo,Larsson,hugo.larsson@frostbyte.se,FrostByte,Engineering Manager,subscriber
Zara,Ahmed,zara.ahmed@nexapoint.co,NexaPoint,Head of Engineering,lead
Ethan,Brooks,ethan.brooks@skyvault.io,SkyVault,Director of Cloud Engineering,lead
Ingrid,Haugen,ingrid.haugen@fjordtech.no,FjordTech AS,VP of Engineering,lead
Samuel,Owens,samuel.owens@ironclad.dev,Ironclad Systems,CTO,opportunity
Amara,Diallo,amara.diallo@solarvista.co,SolarVista,Head of Product Engineering,lead
Kenji,Watanabe,kenji.watanabe@rocketgraph.jp,RocketGraph,Director of Engineering,subscriber
Isla,Campbell,isla.campbell@crowntier.co.uk,CrownTier,VP of Technology,lead
Felipe,Costa,felipe.costa@dataforge.com.br,DataForge,Engineering Director,lead
Leila,Nazari,leila.nazari@brightedge.ai,BrightEdge AI,Head of ML Platform,lead
Connor,Walsh,connor.walsh@gridlock.io,Gridlock,Co-Founder & CTO,opportunity
Priscilla,Nakamura,priscilla.nakamura@aethon.dev,Aethon Labs,VP of Engineering,lead
Tariq,Mahmoud,tariq.mahmoud@cloudpeak.sa,CloudPeak,Director of Platform,subscriber
Elena,Rossi,elena.rossi@quantaflow.it,QuantaFlow,Head of Engineering,lead
Derek,Huang,derek.huang@corestack.io,CoreStack,VP of Infrastructure,lead
Nadia,Kovacs,nadia.kovacs@spectral.hu,Spectral Systems,CTO,lead
William,Fraser,william.fraser@titanops.co.uk,TitanOps,Director of Engineering,opportunity
Anika,Sen,anika.sen@flowstate.in,FlowState,Engineering Manager,lead
Roberto,Silva,roberto.silva@neonlabs.com.br,NeonLabs,Head of Backend,subscriber
